{
  "n_records": 7043,
  "n_features": 19,
  "churn_rate": 0.2653698707936959,
  "accuracy": 0.7693399574166075,
  "roc_auc": 0.8405112506135524,
  "confusion_matrix": [
    [
      811,
      224
    ],
    [
      101,
      273
    ]
  ],
  "classification_report": {
    "Stayed": {
      "precision": 0.8892543859649122,
      "recall": 0.7835748792270532,
      "f1-score": 0.8330765279917822,
      "support": 1035.0
    },
    "Churned": {
      "precision": 0.5492957746478874,
      "recall": 0.7299465240641712,
      "f1-score": 0.6268656716417911,
      "support": 374.0
    },
    "accuracy": 0.7693399574166075,
    "macro avg": {
      "precision": 0.7192750803063999,
      "recall": 0.7567607016456122,
      "f1-score": 0.7299710998167867,
      "support": 1409.0
    },
    "weighted avg": {
      "precision": 0.7990169689084414,
      "recall": 0.7693399574166075,
      "f1-score": 0.7783406441912878,
      "support": 1409.0
    }
  },
  "top_suspects": {
    "Contract": 0.18598909763826368,
    "tenure": 0.14766132861644277,
    "TotalCharges": 0.12538516151216897,
    "MonthlyCharges": 0.12208727533752409,
    "OnlineSecurity": 0.08751549913741681,
    "TechSupport": 0.06785853130324225,
    "InternetService": 0.050810548369587996,
    "PaymentMethod": 0.04299193309372818
  }
}